{
    "bull/H/short": {
        "MSE": 1507.53695,
        "MAE": 21.2499819,
        "MAPE": 0.558528542,
        "mean_CRPS": 0.350496336
    },
    "cockatoo/H/short": {
        "MSE": 19448.85331,
        "MAE": 108.1776341,
        "MAPE": 0.306641033,
        "mean_CRPS": 0.203224073
    },
    "covid19_energy/H/short": {
        "MSE": 16436518015.0,
        "MAE": 101031.0508,
        "MAPE": 0.093698444,
        "mean_CRPS": 0.077610311
    },
    "epf/EPF_test/short": {
        "MSE": 535.2373416,
        "MAE": 11.43020425,
        "MAPE": 1.049082253,
        "mean_CRPS": 0.359025373
    },
    "gfc12_load/H/short": {
        "MSE": 701530496.9,
        "MAE": 15615.70514,
        "MAPE": 0.23514753,
        "mean_CRPS": 0.150952066
    },
    "gfc14_load/H/short": {
        "MSE": 2707.947308,
        "MAE": 38.34382549,
        "MAPE": 0.28146834,
        "mean_CRPS": 0.215977656
    },
    "gfc17_load/H/short": {
        "MSE": 139108.6276,
        "MAE": 268.3397901,
        "MAPE": 0.165871915,
        "mean_CRPS": 0.127115686
    },
    "hog/H/short": {
        "MSE": 1554670.459,
        "MAE": 553.8018632,
        "MAPE": 0.466592975,
        "mean_CRPS": 0.185864187
    },
    "m5/M5_test/short": {
        "MSE": 8.372670196,
        "MAE": 1.373016914,
        "MAPE": 0.901788925,
        "mean_CRPS": 1.273661429
    },
    "pdb/H/short": {
        "MSE": 8256663.973,
        "MAE": 2285.384164,
        "MAPE": 0.172834034,
        "mean_CRPS": 0.133241814
    },
    "retail/test/short": {
        "MSE": 353.5303916,
        "MAE": 4.889908682,
        "MAPE": 1.056182775,
        "mean_CRPS": 0.735621805
    },
    "spain/H/short": {
        "MSE": 36657820.86,
        "MAE": 4858.534465,
        "MAPE": 0.174406074,
        "mean_CRPS": 0.132460002
    },
    "mmsp/H/short": {
        "MSE": 0.120840251,
        "MAE": 0.248188803,
        "MAPE": 53.71494543,
        "mean_CRPS": 1.136371865
    },
    "mmsp_no_nwp/H/short": {
        "MSE": 0.120840251,
        "MAE": 0.248188803,
        "MAPE": 53.71494543,
        "mean_CRPS": 1.136371865
    },
    "Climate/short": {
        "MSE": 1.976364993,
        "MAE": 1.131842338,
        "MAPE": 5.009543887,
        "mean_CRPS": 1.293516136
    },
    "Energy/short": {
        "MSE": 0.103513727,
        "MAE": 0.221853158,
        "MAPE": 2.373651286,
        "mean_CRPS": 0.224567163
    },
    "Environment/short": {
        "MSE": 0.788337752,
        "MAE": 0.624557829,
        "MAPE": 2.285338845,
        "mean_CRPS": 0.99540833
    },
    "Public_Health/short": {
        "MSE": 1.189114207,
        "MAE": 0.70023405,
        "MAPE": 3.811348671,
        "mean_CRPS": 0.719578077
    },
    "Security/short": {
        "MSE": 7.485145621,
        "MAE": 1.304773136,
        "MAPE": 1.676738505,
        "mean_CRPS": 1.035609323
    },
    "SocialGood/short": {
        "MSE": 1.012716883,
        "MAE": 0.508101023,
        "MAPE": 2.327826994,
        "mean_CRPS": 0.429506893
    },
    "Traffic/short": {
        "MSE": 0.37654686,
        "MAE": 0.460129314,
        "MAPE": 0.878624916,
        "mean_CRPS": 0.371770411
    },
    "epf/EPF_BE/short": {
        "MSE": 15.44390524,
        "MAE": 0.374234874,
        "MAPE": 981.1754743,
        "mean_CRPS": 0.631630988
    },
    "epf/EPF_DE/short": {
        "MSE": 12.80041434,
        "MAE": 3.979588882,
        "MAPE": 350.2781919,
        "mean_CRPS": 0.339907431
    },
    "epf/EPF_FR/short": {
        "MSE": 13.38223469,
        "MAE": 0.332541584,
        "MAPE": 1087.607955,
        "mean_CRPS": 0.380250105
    },
    "epf/EPF_NP/short": {
        "MSE": 4.776853824,
        "MAE": 0.142141157,
        "MAPE": 54.02254948,
        "mean_CRPS": 0.094145242
    },
    "epf/EPF_PJM/short": {
        "MSE": 10.74761343,
        "MAE": 0.418597045,
        "MAPE": 203.1025342,
        "mean_CRPS": 0.383396993
    }
}